<!DOCTYPE mapper PUBLIC "-//mybatis.org//DTD Mapper 3.0//EN" "http://mybatis.org/dtd/mybatis-3-mapper.dtd">
<mapper namespace="com.project.crx.dao.InfoDAO">
    <resultMap type="com.project.crx.vo.InfoVO" id="InfoVO">
    
    	<!-- 이용안내 -->
    	
    	<!-- 지연료 계좌반환 신청 -->
    	<result property="trainApplyNum" column="apply_num" />
        <result property="totalCharge" column="totalCharge" />
        <result property="tourApplyNum" column="apply_num" />
        <result property="coin" column="coin" />
    </resultMap>

<!--	 일반열차 승차권 조회 -->
<!--    <select id="getTotalCharge" resultType="int" parameterType="int">-->
<!--        SELECT * -->
<!--        FROM paytrain -->
<!--        WHERE apply_num = #{applyNum}-->
<!--    </select>-->
	
<!--     관광열차 승차권 조회 -->
<!--  	<select id="getCoin" resultType="int" parameterType="string">-->
<!--		SELECT *-->
<!--		FROM paytour -->
<!--		WHERE apply_num = #{applyNum}-->
<!--    </select>-->
</mapper>
