<!DOCTYPE mapper PUBLIC "-//mybatis.org//DTD Mapper 3.0//EN" 
	
	"http://mybatis.org/dtd/mybatis-3-mapper.dtd">
<mapper namespace="com.project.crx.dao.CusDAO">
	<resultMap type="CusVO" id="CusVO">
		
		<!-- 고객안내 -->
		
		<!-- 사용자 -->
		<result property="userid" column="userid" />
		<result property="userpwd" column="userpwd" />
		<result property="username" column="username" />
		<result property="user_userid" column="user_userid" />
		<result property="level" column="level" />
		
		<!-- 사원 -->
		<result property="memid" column="memid" />
		<result property="mempwd" column="mempwd" />
		<result property="memname" column="memname" />
		<result property="member_memid" column="member_memid" />
		
		<!-- 게시판 공통 -->
		<result property="type" column="type" />
		<result property="keyword" column="keyword" />
		
		<!-- 공지사항 -->
		<result property="nono" column="nono" />
		<result property="notitle" column="notitle" />
		<result property="nocontent" column="nocontent" />
		<result property="nodate" column="nodate" />
		<result property="nohit" column="nohit" />
		<result property="filename" column="filename" />
		<result property="filepath" column="filepath" />
				
		<!-- FAQ -->
		<result property="faqno" column="faqno" />
		<result property="faqtitle" column="faqtitle" />
		<result property="faqcontent" column="faqcontent" />
		<result property="faqdate" column="faqdate" />
		<result property="faqhit" column="faqhit" />
		
		<!-- 유실물 안내 -->
		<result property="lostno" column="lostno" />
		<result property="losttitle" column="losttitle" />
		<result property="lostcontent" column="lostcontent" />
		<result property="lostdate" column="lostdate" />
		<result property="lostplace" column="lostplace" />
		<result property="losthit" column="losthit" />
		
		<!-- Q&A -->
		<result property="qno" column="qno" />
		<result property="qtitle" column="qtitle" />
		<result property="qcontent" column="qcontent" />
		<result property="qdate" column="qdate" />
		<result property="qstatus" column="qstatus" />
		<result property="qhit" column="qhit" />
		<result property="rno" column="rno" />
		<result property="rtitle" column="rtitle" />
		<result property="rcontent" column="rcontent" />
		<result property="rdate" column="rdate" />
		<result property="qna_qno" column="qna_qno" />		
	</resultMap>
	
	<!-- 공지사항 -->
	
	<!-- 검색된 게시물 수 -->
    <select id="getNoticeCnt" parameterType="Search" resultType="int">
        SELECT COUNT(*)
        FROM notice
        JOIN member
        ON notice.member_memid = member.memid
        WHERE 1=1
        <if test="searchType != null">
            <if test="searchType == 'title'">
                AND notitle LIKE CONCAT('%', #{keyword}, '%')
            </if>
            <if test="searchType == 'content'">
                AND nocontent LIKE CONCAT('%', #{keyword}, '%')
            </if>
            <if test="searchType == 'writer'">
                AND member.memname LIKE CONCAT('%', #{keyword}, '%')
            </if>
        </if>
    </select>
	
	<!-- 공지사항 -->
	
	<!-- 공지사항 목록 -->
    <select id="noticeList" parameterType="Search" resultMap="CusVO">
        SELECT * 
        FROM notice
        JOIN member
        ON notice.member_memid = member.memid 
        WHERE 1=1
        <if test="searchType != null">
            <if test="searchType == 'title'">
                AND notitle LIKE CONCAT('%', #{keyword}, '%')
            </if>
            <if test="searchType == 'content'">
                AND nocontent LIKE CONCAT('%', #{keyword}, '%')
            </if>
            <if test="searchType == 'writer'">
                AND member.memname LIKE CONCAT('%', #{keyword}, '%')
            </if>
        </if>
        ORDER BY nono DESC
        LIMIT #{start}, #{pageSize}
    </select>
	
	<!-- 공지사항 등록 -->
	<insert id="noticeAdd" parameterType="CusVO">
		INSERT INTO notice (notitle, nocontent, nodate, nohit, filename, filepath, member_memid) 
		VALUES (#{notitle}, #{nocontent}, NOW(), #{nohit}, #{filename}, #{filepath}, #{userid})
	</insert>
	
	<!-- 공지사항 상세보기 -->
	<select id="noticeDetail" resultMap="CusVO">
	    SELECT * 
	    FROM notice
	    WHERE nono = #{nono}
	</select>
	
	<!-- 공지사항 조회수 증가 -->
	<update id="noticeHit">
		UPDATE notice
		SET nohit = nohit + 1
		WHERE nono = #{nono}
	</update>
	
	<!-- 공지사항 수정 -->
	<update id="noticeUpdate" parameterType="CusVO">
		UPDATE notice
		SET notitle = #{notitle}, nocontent = #{nocontent}, filename = #{filename}, filepath = #{filepath}
		WHERE nono = #{nono}
	</update>
	
	<!-- 공지사항 삭제 -->
	<delete id="noticeDelete" parameterType="int">
		DELETE FROM notice
		WHERE nono = #{nono}
	</delete>
	
	
	<!-- FAQ -->
	
	<!-- 검색된 게시물 수 -->
    <select id="getFaqCnt" parameterType="Search" resultType="int">
        SELECT COUNT(*)
        FROM faq
        JOIN member
        ON faq.member_memid = member.memid
        WHERE 1=1
        <if test="searchType != null">
            <if test="searchType == 'title'">
                AND faqtitle LIKE CONCAT('%', #{keyword}, '%')
            </if>
            <if test="searchType == 'content'">
                AND faqcontent LIKE CONCAT('%', #{keyword}, '%')
            </if>
            <if test="searchType == 'writer'">
                AND member.memname LIKE CONCAT('%', #{keyword}, '%')
            </if>
        </if>
    </select>
	
	<!-- FAQ 목록 -->
	<select id="faqList" parameterType="Search" resultMap="CusVO">
    	SELECT * 
        FROM faq
        JOIN member
        ON faq.member_memid = member.memid 
        WHERE 1=1
        <if test="searchType != null">
            <if test="searchType == 'title'">
                AND faqtitle LIKE CONCAT('%', #{keyword}, '%')
            </if>
            <if test="searchType == 'content'">
                AND faqcontent LIKE CONCAT('%', #{keyword}, '%')
            </if>
            <if test="searchType == 'writer'">
                AND member.memname LIKE CONCAT('%', #{keyword}, '%')
            </if>
        </if>
        ORDER BY faqno DESC
        LIMIT #{start}, #{pageSize}
    </select>
	
	<!-- FAQ 등록 -->
	<insert id="faqAdd" parameterType="CusVO">
		INSERT INTO faq (faqtitle, faqcontent, faqdate, faqhit, member_memid) 
		VALUES (#{faqtitle}, #{faqcontent}, NOW(), #{faqhit}, #{userid})
	</insert>
	
	<!-- FAQ 상세보기 -->
	<select id="faqDetail" resultMap="CusVO">
	    SELECT * 
	    FROM faq
	    WHERE faqno = #{faqno}
	</select>
	
	<!-- FAQ 조회수 증가 -->
	<update id="faqHit">
		UPDATE faq
		SET faqhit = faqhit + 1
		WHERE faqno = #{faqno}
	</update>
	
	<!-- FAQ 수정 -->
	<update id="faqUpdate" parameterType="CusVO">
		UPDATE faq
		SET faqtitle = #{faqtitle}, faqcontent = #{faqcontent}
		WHERE faqno = #{faqno}
	</update>
	
	<!-- FAQ 삭제 -->
	<delete id="faqDelete" parameterType="int">
		DELETE FROM faq
		WHERE faqno = #{faqno}
	</delete>
	
	
	<!-- 유실물 안내 -->
	
	<!-- 검색된 게시물 수 -->
    <select id="getLostCnt" parameterType="Search" resultType="int">
        SELECT COUNT(*)
        FROM lost
        JOIN member
        ON lost.member_memid = member.memid
        WHERE 1=1
        <if test="searchType != null">
            <if test="searchType == 'title'">
                AND losttitle LIKE CONCAT('%', #{keyword}, '%')
            </if>
            <if test="searchType == 'content'">
                AND lostcontent LIKE CONCAT('%', #{keyword}, '%')
            </if>
            <if test="searchType == 'writer'">
                AND member.memname LIKE CONCAT('%', #{keyword}, '%')
            </if>
            <if test="searchType == 'place'">
                AND lostplace LIKE CONCAT('%', #{keyword}, '%')
            </if>
        </if>
    </select>
	
	<!-- 유실물 안내 목록 -->
	<select id="lostList" parameterType="Search" resultMap="CusVO">
    	SELECT * 
        FROM lost
        JOIN member
        ON lost.member_memid = member.memid 
        WHERE 1=1
        <if test="searchType != null">
            <if test="searchType == 'title'">
                AND losttitle LIKE CONCAT('%', #{keyword}, '%')
            </if>
            <if test="searchType == 'content'">
                AND lostcontent LIKE CONCAT('%', #{keyword}, '%')
            </if>
            <if test="searchType == 'writer'">
                AND member.memname LIKE CONCAT('%', #{keyword}, '%')
            </if>
            <if test="searchType == 'place'">
                AND lostplace LIKE CONCAT('%', #{keyword}, '%')
            </if>
        </if>
        ORDER BY lostno DESC
        LIMIT #{start}, #{pageSize}
    </select>
	
	<!-- 유실물 안내 등록 -->
	<insert id="lostAdd" parameterType="CusVO">
		INSERT INTO lost (losttitle, lostcontent, lostdate, lostplace, losthit, member_memid) 
		VALUES (#{losttitle}, #{lostcontent}, NOW(), #{lostplace}, #{losthit}, #{userid})
	</insert>
	
	<!-- 유실물 안내 상세보기 -->
	<select id="lostDetail" resultMap="CusVO">
	    SELECT * 
	    FROM lost
	    WHERE lostno = #{lostno}
	</select>
	
	<!-- 유실물 안내 조회수 증가 -->
	<update id="lostHit">
		UPDATE lost
		SET losthit = losthit + 1
		WHERE lostno = #{lostno}
	</update>
	
	<!-- 유실물 안내 삭제 -->
	<delete id="lostDelete" parameterType="int">
		DELETE FROM lost
		WHERE lostno = #{lostno}
	</delete>
	
	
	<!-- Q&A -->
	
	<!-- 검색된 게시물 수 -->
    <select id="getQnaCnt" parameterType="Search" resultType="int">
        SELECT COUNT(*)
        FROM qna q
        JOIN user
        ON q.user_userid = user.userid
        WHERE 1=1
        <if test="searchType != null">
            <if test="searchType == 'title'">
                AND qtitle LIKE CONCAT('%', #{keyword}, '%')
            </if>
            <if test="searchType == 'content'">
                AND qcontent LIKE CONCAT('%', #{keyword}, '%')
            </if>
            <if test="searchType == 'writer'">
                AND user.username LIKE CONCAT('%', #{keyword}, '%')
            </if>
        </if>
    </select>
	
	<!-- Q&A 질문 목록 조회 -->
	<select id="qnaList" parameterType="Search" resultMap="CusVO">
	    SELECT q.*, 
	           (SELECT COUNT(*) FROM reply WHERE qna_qno = q.qno) AS reply_count,
	           u.username
	    FROM qna q
	    JOIN user u ON q.user_userid = u.userid
	    WHERE 1=1
	    <if test="searchType != null">
	        <if test="searchType == 'title'">
	            AND qtitle LIKE CONCAT('%', #{keyword}, '%')
	        </if>
	        <if test="searchType == 'content'">
	            AND qcontent LIKE CONCAT('%', #{keyword}, '%')
	        </if>
	        <if test="searchType == 'writer'">
	            AND u.username LIKE CONCAT('%', #{keyword}, '%')
	        </if>
	    </if>
	    ORDER BY q.qno DESC
	    LIMIT #{start}, #{pageSize}
	</select>
	
	<!-- Q&A 질문 등록 -->
	<insert id="qnaAdd" parameterType="CusVO">
	    INSERT INTO qna (qtitle, qcontent, qdate, qstatus, qhit, user_userid)
	    VALUES (#{qtitle}, #{qcontent}, NOW(), '답변대기', #{qhit}, #{userid})
	</insert>
	
	<!-- Q&A 질문 상세 조회 -->
	<select id="qnaDetail" resultMap="CusVO">
	    SELECT q.qno, q.qtitle, q.qcontent, q.qdate, q.qhit, u.username
	    FROM qna q
	    JOIN user u ON q.user_userid = u.userid
	    WHERE q.qno = #{qno}
	</select>
	
	<!-- Q&A 답변 목록 조회 -->
	<select id="replyList" parameterType="int" resultMap="CusVO">
	    SELECT * 
	    FROM reply
	    WHERE qna_qno = #{qno}
	    ORDER BY rno ASC
	</select>
	
	<!-- Q&A 답변 등록 -->
	<insert id="replyAdd" parameterType="CusVO">
	    INSERT INTO reply (qna_qno, rtitle, rcontent, rdate, member_memid)
	    VALUES (#{qna_qno}, #{rtitle}, #{rcontent}, NOW(), #{member_memid})
	</insert>
	
	<!-- Q&A 질문 수정 -->
	<update id="qnaUpdate" parameterType="CusVO">
	    UPDATE qna
	    SET qtitle = #{qtitle}, qcontent = #{qcontent}
	    WHERE qno = #{qno}
	</update>
	
	<!-- Q&A 질문 삭제 -->
	<delete id="qnaDelete" parameterType="int">
	    DELETE FROM qna WHERE qno = #{qno}
	</delete>
	
	<!-- Q&A 답변 수정 -->
	<update id="replyUpdate" parameterType="CusVO">
	    UPDATE reply
	    SET rtitle = #{rtitle}, rcontent = #{rcontent}
	    WHERE rno = #{rno}
	</update>
	
	<!-- Q&A 답변 삭제 -->
	<delete id="replyDelete" parameterType="int">
	    DELETE FROM reply WHERE rno = #{rno}
	</delete>
</mapper>