<!DOCTYPE mapper PUBLIC "-//mybatis.org//DTD Mapper 3.0//EN" 
	
	"http://mybatis.org/dtd/mybatis-3-mapper.dtd">
<mapper namespace="com.project.crx.dao.CusDAO">
	<resultMap type="CusVO" id="CusVO">
		
		<!-- 고객안내 -->
		
		<!-- 사용자 -->
		<result property="userid" column="userid" />
		<result property="userpwd" column="userpwd" />
		<result property="username" column="username" />
		<result property="user_userid" column="user_userid" />
		<result property="level" column="level" />
		
		<!-- 사원 -->
		<result property="memid" column="memid" />
		<result property="mempwd" column="mempwd" />
		<result property="memname" column="memname" />
		<result property="member_memid" column="member_memid" />
		
		<!-- 게시판 공통 -->
		<result property="type" column="type" />
		<result property="keyword" column="keyword" />
		
		<!-- 공지사항 -->
		<result property="nono" column="nono" />
		<result property="notitle" column="notitle" />
		<result property="nocontent" column="nocontent" />
		<result property="nodate" column="nodate" />
		<result property="nohit" column="nohit" />
		<result property="filename" column="filename" />
		<result property="filepath" column="filepath" />
				
		<!-- FAQ -->
		<result property="faqno" column="faqno" />
		<result property="faqtitle" column="faqtitle" />
		<result property="faqcontent" column="faqcontent" />
		<result property="faqdate" column="faqdate" />
		<result property="faqhit" column="faqhit" />
		
		<!-- 유실물 안내 -->
		<result property="lostno" column="lostno" />
		<result property="losttitle" column="losttitle" />
		<result property="lostcontent" column="lostcontent" />
		<result property="lostdate" column="lostdate" />
		<result property="lostplace" column="lostplace" />
		<result property="losthit" column="losthit" />
		
		<!-- Q&A -->
		<result property="qno" column="qno" />
		<result property="qtitle" column="qtitle" />
		<result property="qcontent" column="qcontent" />
		<result property="qdate" column="qdate" />
		<result property="qstatus" column="qstatus" />
		<result property="qhit" column="qhit" />
		<result property="rno" column="rno" />
		<result property="rtitle" column="rtitle" />
		<result property="rcontent" column="rcontent" />
		<result property="rdate" column="rdate" />
		<result property="qna_qno" column="qna_qno" />		
	</resultMap>
	
	<!-- 공지사항 -->
	
	 <!-- 검색과 페이징을 위한 공지사항 목록 -->
    <select id="noticeList" parameterType="Search" resultMap="CusVO">
        SELECT * 
        FROM notice
        JOIN member
        ON notice.member_memid = member.memid 
        WHERE 1=1
        <if test="searchType != null">
            <if test="searchType == 'title'">
                AND notitle LIKE CONCAT('%', #{keyword}, '%')
            </if>
            <if test="searchType == 'content'">
                AND nocontent LIKE CONCAT('%', #{keyword}, '%')
            </if>
            <if test="searchType == 'writer'">
                AND member.memname LIKE CONCAT('%', #{keyword}, '%')
            </if>
        </if>
        ORDER BY nono DESC
        LIMIT #{start}, #{pageSize}
    </select>

    <!-- 검색된 게시물 수 -->
    <select id="getBoardListCnt" parameterType="Search" resultType="int">
        SELECT COUNT(*)
        FROM notice
        JOIN member
        ON notice.member_memid = member.memid
        WHERE 1=1
        <if test="searchType != null">
            <if test="searchType == 'title'">
                AND notitle LIKE CONCAT('%', #{keyword}, '%')
            </if>
            <if test="searchType == 'content'">
                AND nocontent LIKE CONCAT('%', #{keyword}, '%')
            </if>
            <if test="searchType == 'writer'">
                AND member.memname LIKE CONCAT('%', #{keyword}, '%')
            </if>
        </if>
    </select>
	
	<!-- 공지사항 등록 -->
	<insert id="noticeAdd" parameterType="CusVO">
		INSERT INTO notice (notitle, nocontent, nodate, nohit, filename, filepath, member_memid) 
		VALUES (#{notitle}, #{nocontent}, NOW(), #{nohit}, #{filename}, #{filepath}, #{userid})
	</insert>
	
	<!-- 공지사항 상세보기 -->
	<select id="noticeDetail" resultMap="CusVO">
		SELECT * 
		FROM notice
		WHERE nono = #{nono}
	</select>
	
	<!-- 공지사항 조회수 증가 -->
	<update id="hitChk">
		UPDATE notice
		SET nohit = nohit + 1
		WHERE nono = #{nono}
	</update>
	
	<!-- 공지사항 수정 -->
	<update id="noticeUpdate" parameterType="CusVO">
		UPDATE notice
		SET notitle = #{notitle}, nocontent = #{nocontent}
		WHERE nono = #{nono}
	</update>
	
	<!-- 공지사항 삭제 -->
	<delete id="noticeDelete" parameterType="int">
		DELETE FROM notice
		WHERE nono = #{nono}
	</delete>
</mapper>